type,fixed acidity,volatile acidity,citric acid,residual sugar,chlorides,free sulfur dioxide,total sulfur dioxide,density,pH,sulphates,alcohol
white,6.9,0.2,0.34,1.9,0.043,25.0,136.0,0.9935,3.31,0.6,10.1
red,7.7,0.23,0.37,1.8,0.046,23.0,60.0,0.9971,3.41,0.71,12.1
white,6.5,0.14,0.32,2.7,0.037,18.0,89.0,0.9924,3.4,0.74,11.5
white,6.6,0.44,0.32,3.0,0.095,13.0,75.0,0.98954,3.1,0.63,12.8
red,9.3,0.715,0.24,2.1,0.07,5.0,20.0,0.9966,3.12,0.59,9.9
white,5.7,0.22,0.22,16.65,0.044,39.0,110.0,0.99855,3.24,0.48,9.0
white,6.2,0.66,0.48,1.2,0.029,29.0,75.0,0.9892,3.33,0.39,12.8
red,7.9,0.545,0.06,4.0,0.087,27.0,61.0,0.9965,3.36,0.67,10.7
white,7.3,0.26,0.24,1.7,0.05,10.0,112.0,0.99286,3.11,0.43,9.9
red,11.0,0.3,0.58,2.1,0.054,7.0,19.0,0.998,3.31,0.88,10.5
white,5.6,0.185,0.19,7.1,0.048,36.0,110.0,0.99438,3.26,0.41,9.5
white,8.4,0.18,0.42,5.1,0.036,7.0,77.0,0.9939,3.16,0.52,11.7
white,7.0,0.23,0.26,7.2,0.041,21.0,90.0,0.99509,3.22,0.55,9.5
white,8.3,0.15,0.39,1.3,0.055,32.0,146.0,0.993,3.08,0.39,10.5
white,5.9,0.26,0.29,5.4,0.046,34.0,116.0,0.99224,3.24,0.41,11.4
red,5.6,0.31,0.78,13.9,0.074,23.0,92.0,0.99677,3.39,0.48,10.5
white,6.6,0.435,0.38,9.2,0.058,66.0,243.0,0.99833,3.23,0.54,9.1
white,5.8,0.39,0.47,7.5,0.027,12.0,88.0,0.9907,3.38,0.45,14.0
red,7.2,0.63,0.0,1.9,0.097,14.0,38.0,0.99675,3.37,0.58,9.0
white,6.4,0.24,0.32,0.95,0.041,23.0,131.0,0.99033,3.25,0.35,11.8
white,7.8,0.3,0.74,1.8,0.033,33.0,156.0,0.991,3.29,0.52,12.8
white,8.5,0.22,0.34,0.7,0.04,5.0,25.0,0.9918,3.04,0.37,10.5
white,7.4,0.26,0.3,7.9,0.049,38.0,157.0,0.9963,3.13,0.48,8.9
white,6.1,0.35,0.24,2.3,0.034,25.0,133.0,0.9906,3.34,0.59,12.0
white,5.9,0.46,0.14,2.7,0.042,27.0,160.0,0.9931,3.46,0.51,10.6
white,5.8,0.35,0.29,3.2,0.034,41.0,151.0,0.9912,3.35,0.58,11.63333333
white,6.9,0.2,0.28,1.2,0.048,36.0,159.0,0.9936,3.19,0.43,9.1
red,7.4,0.35,0.33,2.4,0.068,9.0,26.0,0.9947,3.36,0.6,11.9
white,5.3,0.275,0.24,7.4,0.038,28.0,114.0,0.99313,3.38,0.51,11.0
white,6.3,0.21,0.31,1.2,0.043,30.0,117.0,0.99158,3.49,0.68,11.0
white,7.3,0.32,0.35,1.4,0.05,8.0,163.0,0.99244,3.24,0.42,10.7
white,7.2,0.24,0.36,2.0,0.029,21.0,63.0,0.99076,3.13,0.63,12.5
white,6.1,0.27,0.31,1.5,0.035,17.0,83.0,0.99076,3.32,0.44,11.1
red,9.3,0.61,0.26,3.4,0.09,25.0,87.0,0.99975,3.24,0.62,9.7
white,5.4,0.265,0.28,7.8,0.052,27.0,91.0,0.99432,3.19,0.38,10.4
white,5.2,0.24,0.15,7.1,0.043,32.0,134.0,0.99378,3.24,0.48,9.9
white,6.6,0.19,0.41,8.9,0.046,51.0,169.0,0.9954,3.14,0.57,9.8
white,7.0,0.33,0.28,5.7,0.033,39.0,204.0,0.99176,3.17,0.64,12.5
white,7.1,0.42,0.2,2.8,0.038,28.0,109.0,0.98968,3.23,0.47,13.4
white,6.4,0.34,0.1,1.1,0.048,19.0,84.0,0.9927,3.21,0.38,9.8
white,6.2,0.25,0.47,11.6,0.048,62.0,210.0,0.9968,3.19,0.5,9.5
white,7.7,0.15,0.29,1.3,0.029,10.0,64.0,0.9932,3.35,0.39,10.1
white,7.6,0.27,0.42,2.6,0.044,29.0,110.0,0.9912,3.31,0.51,12.7
white,7.1,0.26,0.34,14.4,0.067,35.0,189.0,0.9986,3.07,0.53,9.1
white,7.0,0.24,0.35,1.5,0.052,51.0,128.0,0.9941,3.41,0.59,10.4
white,7.2,0.21,0.29,3.1,0.044,39.0,122.0,0.99143,3.0,0.6,11.3
white,6.4,0.22,0.34,1.8,0.057,29.0,104.0,0.9959,3.81,0.57,10.3
red,8.7,0.625,0.16,2.0,0.101,13.0,49.0,0.9962,3.14,0.57,11.0
white,6.8,0.18,0.28,8.5,0.047,52.0,242.0,0.9952,3.22,0.53,10.5
white,6.8,0.28,0.29,11.9,0.052,51.0,149.0,0.99544,3.02,0.58,10.4
white,7.7,0.22,0.42,1.9,0.052,10.0,87.0,0.9922,3.3,0.49,11.8
white,6.6,0.22,0.29,14.4,0.046,39.0,118.0,0.99834,3.05,0.5,9.1
white,6.0,0.19,0.26,12.4,0.048,50.0,147.0,0.9972,3.3,0.36,8.9
white,7.5,0.13,0.38,1.1,0.023,42.0,104.0,0.99112,3.28,0.53,11.8
white,6.0,0.21,0.34,2.0,0.042,63.0,123.0,0.99052,3.44,0.42,11.4
white,7.0,0.44,0.24,12.1,0.056,68.0,210.0,0.99718,3.05,0.5,9.5
white,7.8,0.4,0.26,9.5,0.059,32.0,178.0,0.9955,3.04,0.43,10.9
white,6.7,0.19,0.36,1.1,0.026,63.0,143.0,0.9912,3.27,0.48,11.0
white,7.1,0.18,0.74,15.6,0.044,44.0,176.0,0.9996,3.38,0.67,9.0
white,6.5,0.41,0.22,4.8,0.052,49.0,142.0,0.9946,3.14,0.62,9.2
white,6.1,0.27,0.31,1.5,0.035,17.0,83.0,0.99076,3.32,0.44,11.1
white,7.6,0.23,0.34,1.6,0.043,24.0,129.0,0.99305,3.12,0.7,10.4
red,7.2,0.63,0.0,1.9,0.097,14.0,38.0,0.99675,3.37,0.58,9.0
white,5.2,0.17,0.27,0.7,0.03,11.0,68.0,0.99218,3.3,0.41,9.8
white,9.8,0.25,0.74,10.0,0.056,36.0,225.0,0.9977,3.06,0.43,10.0
white,6.6,0.35,0.29,14.4,0.044,54.0,177.0,0.9991,3.17,0.58,8.9
white,6.5,0.36,0.38,10.2,0.028,20.0,82.0,0.99274,3.1,0.43,12.1
red,6.6,0.61,0.01,1.9,0.08,8.0,25.0,0.99746,3.69,0.73,10.5
white,5.4,0.22,0.35,6.5,0.029,26.0,87.0,0.99092,3.29,0.44,12.5
white,8.2,0.26,0.44,1.3,0.046,7.0,69.0,0.9944,3.14,0.62,10.2
white,6.4,0.26,0.21,8.2,0.05,51.0,182.0,0.99542,3.23,0.48,9.5
white,6.7,0.35,0.48,8.8,0.056,35.0,167.0,0.99628,3.04,0.47,9.4
white,5.8,0.22,0.25,1.5,0.024,21.0,109.0,0.99234,3.37,0.58,10.4
red,8.0,0.67,0.3,2.0,0.06,38.0,62.0,0.9958,3.26,0.56,10.2
white,6.0,0.24,0.41,1.3,0.036,42.0,118.0,0.99018,3.04,0.64,11.75
white,7.4,0.26,0.32,3.7,0.032,29.0,193.0,0.99134,3.1,0.67,12.5
white,5.8,0.23,0.31,4.5,0.046,42.0,124.0,0.99324,3.31,0.64,10.8
white,7.0,0.18,0.26,1.4,0.044,46.0,89.0,0.99256,3.39,0.48,10.7
white,7.4,0.31,0.26,8.6,0.048,47.0,206.0,0.9964,3.26,0.36,9.1
white,7.9,0.22,0.49,3.8,0.042,26.0,105.0,0.993,3.1,0.39,10.5
white,6.7,0.22,0.22,1.2,0.038,5.0,124.0,0.99098,3.1,0.37,11.2
red,11.8,0.26,0.52,1.8,0.071,6.0,10.0,0.9968,3.2,0.72,10.2
white,5.8,0.28,0.66,9.1,0.039,26.0,159.0,0.9965,3.66,0.55,10.8
white,5.8,0.19,0.33,4.2,0.038,49.0,133.0,0.99107,3.16,0.42,11.3
white,8.2,0.21,0.32,10.65,0.053,53.0,145.0,0.9972,3.17,0.48,10.2
white,7.4,0.16,0.3,13.7,0.056,33.0,168.0,0.99825,2.9,0.44,8.7
white,7.8,0.42,0.26,9.2,0.058,34.0,199.0,0.9972,3.14,0.55,9.3
white,6.7,0.44,0.31,1.9,0.03,41.0,104.0,0.99,3.29,0.62,12.6
white,8.5,0.19,0.49,3.5,0.044,29.0,117.0,0.9938,3.14,0.51,10.1
white,7.0,0.2,0.38,8.1,0.05,42.0,173.0,0.99585,3.3,0.54,9.8
white,7.6,0.3,0.25,4.3,0.054,22.0,111.0,0.9956,3.12,0.49,9.2
red,7.3,0.305,0.39,1.2,0.059,7.0,11.0,0.99331,3.29,0.52,11.5
white,6.1,0.35,0.07,1.4,0.069,22.0,108.0,0.9934,3.23,0.52,9.2
red,8.8,0.7,0.0,1.7,0.069,8.0,19.0,0.99701,3.31,0.53,10.0
red,6.6,0.61,0.01,1.9,0.08,8.0,25.0,0.99746,3.69,0.73,10.5
white,6.3,0.34,0.27,2.5,0.024,40.0,152.0,0.99095,3.35,0.6,11.9
white,6.2,0.16,0.32,1.1,0.036,74.0,184.0,0.99096,3.22,0.41,11.0
white,6.5,0.29,0.31,1.7,0.035,24.0,79.0,0.99053,3.27,0.69,11.4
white,6.4,0.23,0.32,1.9,0.038,40.0,118.0,0.99074,3.32,0.53,11.8
white,8.0,0.25,0.27,9.7,0.036,15.0,85.0,0.99406,2.99,0.36,11.2
white,6.4,0.33,0.28,4.0,0.04,24.0,81.0,0.9903,3.26,0.64,12.6
white,6.3,0.21,0.33,13.9,0.046,68.0,179.0,0.9971,3.36,0.5,10.4
white,7.1,0.44,0.62,11.8,0.044,52.0,152.0,0.9975,3.12,0.46,8.7
white,7.8,0.2,0.32,5.0,0.016,31.0,101.0,0.99186,2.99,0.39,11.0
white,7.1,0.12,0.32,9.6,0.054,64.0,162.0,0.9962,3.4,0.41,9.4
white,6.0,0.28,0.34,1.6,0.119,33.0,104.0,0.9921,3.19,0.38,10.2
white,7.5,0.33,0.39,12.4,0.065,29.0,119.0,0.9974,3.16,0.39,9.4
white,6.6,0.28,0.36,1.7,0.038,22.0,101.0,0.9912,3.29,0.57,11.6
white,7.6,0.3,0.37,1.6,0.087,27.0,177.0,0.99438,3.09,0.5,9.8
white,6.2,0.21,0.38,6.8,0.036,64.0,245.0,0.9951,3.06,0.36,9.3
white,7.0,0.23,0.36,7.1,0.028,31.0,104.0,0.9922,3.35,0.47,12.1
white,7.0,0.3,0.28,2.2,0.042,21.0,177.0,0.99166,3.2,0.57,11.4
white,7.1,0.29,0.49,1.2,0.031,32.0,99.0,0.9893,3.07,0.33,12.2
white,6.7,0.27,0.33,3.6,0.034,9.0,45.0,0.99144,3.08,0.4,10.5
white,8.8,0.35,0.49,1.0,0.036,14.0,56.0,0.992,2.96,0.33,10.5
white,5.4,0.595,0.1,2.8,0.042,26.0,80.0,0.9932,3.36,0.38,9.3
red,12.9,0.5,0.55,2.8,0.072,7.0,24.0,1.00012,3.09,0.68,10.9
white,6.9,0.38,0.29,13.65,0.048,52.0,189.0,0.99784,3.0,0.6,9.5
red,6.8,0.56,0.03,1.7,0.084,18.0,35.0,0.9968,3.44,0.63,10.0
white,7.2,0.21,0.41,1.3,0.036,33.0,85.0,0.992,3.17,0.51,10.4
white,6.4,0.25,0.57,1.0,0.062,21.0,122.0,0.99238,3.0,0.4,9.5
white,9.0,0.38,0.53,2.1,0.102,19.0,76.0,0.99001,2.93,0.57,12.9
red,9.0,0.47,0.31,2.7,0.084,24.0,125.0,0.9984,3.31,0.61,9.4
white,5.9,0.18,0.28,5.1,0.039,50.0,139.0,0.99165,3.16,0.44,11.3
red,8.8,0.24,0.54,2.5,0.083,25.0,57.0,0.9983,3.39,0.54,9.2
white,6.6,0.56,0.15,10.0,0.037,38.0,157.0,0.99642,3.28,0.52,9.4
white,6.9,0.22,0.37,15.0,0.053,59.0,178.0,0.9992,3.37,0.82,9.5
red,7.5,0.6,0.03,1.8,0.095,25.0,99.0,0.995,3.35,0.54,10.1
white,7.6,0.31,0.29,10.5,0.04,21.0,145.0,0.9966,3.04,0.35,9.4
white,6.2,0.28,0.33,1.7,0.029,24.0,111.0,0.99,3.24,0.5,12.1
white,8.0,0.3,0.36,11.0,0.034,8.0,70.0,0.99354,3.05,0.41,12.2
white,6.2,0.1,0.41,1.0,0.04,17.0,76.0,0.98988,3.14,0.56,11.4
white,6.3,0.2,0.24,1.7,0.052,36.0,135.0,0.99374,3.8,0.66,10.8
white,7.6,0.28,0.17,1.6,0.046,28.0,117.0,0.99288,3.08,0.43,10.0
white,7.4,0.25,0.49,1.1,0.042,35.0,156.0,0.9917,3.13,0.55,11.3
red,6.9,0.56,0.03,1.5,0.086,36.0,46.0,0.99522,3.53,0.57,10.6
red,6.3,0.51,0.13,2.3,0.076,29.0,40.0,0.99574,3.42,0.75,11.0
red,11.5,0.59,0.59,2.6,0.087,13.0,49.0,0.9988,3.18,0.65,11.0
red,7.3,0.98,0.05,2.1,0.061,20.0,49.0,0.99705,3.31,0.55,9.7
white,5.6,0.41,0.22,7.1,0.05,44.0,154.0,0.9931,3.3,0.4,10.5
white,7.5,0.18,0.37,6.2,0.05,21.0,138.0,0.99546,3.2,0.55,10.5
white,5.6,0.18,0.3,10.2,0.028,28.0,131.0,0.9954,3.49,0.42,10.8
red,6.7,0.64,0.23,2.1,0.08,11.0,119.0,0.99538,3.36,0.7,10.9
red,6.7,0.48,0.02,2.2,0.08,36.0,111.0,0.99524,3.1,0.53,9.7
white,6.7,0.21,0.36,8.55,0.02,20.0,86.0,0.99146,3.19,0.22,13.4
white,6.5,0.25,0.27,15.2,0.049,75.0,217.0,0.9972,3.19,0.39,9.9
white,6.2,0.27,0.49,1.4,0.05,20.0,74.0,0.9931,3.32,0.44,9.8
white,5.6,0.185,0.19,7.1,0.048,36.0,110.0,0.99438,3.26,0.41,9.5
red,10.4,0.64,0.24,2.8,0.105,29.0,53.0,0.9998,3.24,0.67,9.9
white,6.6,0.23,0.2,11.4,0.044,45.0,131.0,0.99604,2.96,0.51,9.7
red,8.2,0.24,0.34,5.1,0.062,8.0,22.0,0.9974,3.22,0.94,10.9
white,8.0,0.27,0.33,1.2,0.05,41.0,103.0,0.99002,3.0,0.45,12.4
white,7.6,0.28,0.49,20.15,0.06,30.0,145.0,1.00196,3.01,0.44,8.5
red,9.4,0.43,0.24,2.8,0.092,14.0,45.0,0.998,3.19,0.73,10.0
white,7.6,0.28,0.39,1.2,0.038,21.0,115.0,0.994,3.16,0.67,10.0
red,7.6,0.41,0.49,2.0,0.088,16.0,43.0,0.998,3.48,0.64,9.1
white,6.4,0.17,0.3,2.8,0.034,33.0,125.0,0.99152,3.03,0.49,10.4
red,8.2,1.0,0.09,2.3,0.065,7.0,37.0,0.99685,3.32,0.55,9.0
white,6.2,0.32,0.12,4.8,0.054,6.0,97.0,0.99424,3.16,0.5,9.3
white,6.5,0.115,0.29,1.95,0.038,73.0,166.0,0.989,3.12,0.25,12.9
red,7.2,0.61,0.08,4.0,0.082,26.0,108.0,0.99641,3.25,0.51,9.4
red,9.2,0.36,0.34,1.6,0.062,5.0,12.0,0.99667,3.2,0.67,10.5
white,8.5,0.25,0.31,2.8,0.032,11.0,61.0,0.99189,3.06,0.44,11.5
white,9.3,0.34,0.49,7.3,0.052,30.0,146.0,0.998,3.17,0.61,10.2
red,9.9,0.5,0.24,2.3,0.103,6.0,14.0,0.9978,3.34,0.52,10.0
white,6.8,0.28,0.17,13.9,0.047,49.0,162.0,0.9983,3.21,0.51,9.0
white,6.0,0.41,0.05,1.5,0.063,17.0,120.0,0.9932,3.21,0.56,9.2
white,5.7,0.46,0.46,1.4,0.04,31.0,169.0,0.9932,3.13,0.47,8.8
white,7.9,0.14,0.45,1.8,0.05,17.0,114.0,0.9948,3.33,0.49,10.7
white,6.8,0.19,0.34,1.9,0.04,41.0,108.0,0.99,3.25,0.45,12.9
white,6.3,0.34,0.36,4.9,0.035,31.0,185.0,0.9946,3.15,0.49,9.7
white,5.6,0.28,0.28,4.2,0.044,52.0,158.0,0.992,3.35,0.44,10.7
white,7.8,0.18,0.31,12.2,0.053,46.0,140.0,0.998,3.06,0.53,8.9
white,6.4,0.32,0.26,7.9,0.05,53.0,180.0,0.99514,3.14,0.5,9.6
white,6.6,0.43,0.24,11.9,0.04,54.0,159.0,0.99622,3.14,0.54,9.8
white,6.6,0.36,0.29,1.6,0.021,24.0,85.0,0.98965,3.41,0.61,12.4
white,6.9,0.43,0.28,9.4,0.056,29.0,183.0,0.99594,3.17,0.43,9.4
red,10.2,0.44,0.58,4.1,0.092,11.0,24.0,0.99745,3.29,0.99,12.0
white,7.9,0.35,0.28,12.9,0.032,13.0,63.0,0.9932,2.99,0.43,13.0
white,7.4,0.18,0.3,10.4,0.045,44.0,174.0,0.9966,3.11,0.57,9.7
white,6.7,0.18,0.24,10.3,0.057,64.0,185.0,0.99519,3.12,0.5,10.6
red,9.1,0.5,0.3,1.9,0.065,8.0,17.0,0.99774,3.32,0.71,10.5
red,7.1,0.84,0.02,4.4,0.096,5.0,13.0,0.997,3.41,0.57,11.0
red,8.6,0.53,0.22,2.0,0.1,7.0,27.0,0.9967,3.2,0.56,10.2
white,5.2,0.25,0.23,1.4,0.047,20.0,77.0,0.99001,3.32,0.62,11.4
white,6.0,0.23,0.15,9.7,0.048,101.0,207.0,0.99571,3.05,0.3,9.1
red,7.5,0.4,0.12,3.0,0.092,29.0,53.0,0.9967,3.37,0.7,10.3
white,5.6,0.35,0.4,6.3,0.022,23.0,174.0,0.9922,3.54,0.5,11.6
red,10.4,0.43,0.5,2.3,0.068,13.0,19.0,0.996,3.1,0.87,11.4
white,7.3,0.19,0.27,13.9,0.057,45.0,155.0,0.99807,2.94,0.41,8.8
white,5.5,0.16,0.31,1.2,0.026,31.0,68.0,0.9898,3.33,0.44,11.65
white,6.6,0.33,0.24,16.05,0.045,31.0,147.0,0.99822,3.08,0.52,9.2
white,6.5,0.16,0.34,1.4,0.029,29.0,133.0,0.99108,3.33,0.64,11.5
white,6.5,0.19,0.1,1.3,0.046,23.0,107.0,0.9937,3.29,0.45,10.0
white,6.9,0.12,0.36,2.2,0.037,18.0,111.0,0.9919,3.41,0.82,11.9
white,8.9,0.33,0.34,1.4,0.056,14.0,171.0,0.9946,3.13,0.47,9.7
white,7.0,0.21,0.31,6.0,0.046,29.0,108.0,0.9939,3.26,0.5,10.8
white,6.4,0.32,0.5,10.7,0.047,57.0,206.0,0.9968,3.08,0.6,9.4
white,7.3,0.14,0.49,1.1,0.038,28.0,99.0,0.9928,3.2,0.72,10.6
white,4.8,0.29,0.23,1.1,0.044,38.0,180.0,0.98924,3.28,0.34,11.9
red,7.9,0.4,0.3,1.8,0.157,2.0,45.0,0.99727,3.31,0.91,9.5
white,6.8,0.25,0.27,10.7,0.076,47.0,154.0,0.9967,3.05,0.38,9.0
red,7.1,0.68,0.0,2.3,0.087,17.0,26.0,0.99783,3.45,0.53,9.5
white,6.9,0.31,0.32,1.6,0.036,34.0,114.0,0.99068,3.19,0.45,11.4
white,6.7,0.38,0.26,9.55,0.036,35.0,91.0,0.9919,2.98,0.37,12.4
white,6.7,0.26,0.29,5.8,0.025,26.0,74.0,0.9929,3.28,0.53,11.0
white,7.1,0.14,0.35,1.4,0.039,24.0,128.0,0.99212,2.97,0.68,10.4
white,6.8,0.19,0.33,4.9,0.047,42.0,130.0,0.99283,3.12,0.56,11.0
white,6.5,0.23,0.36,16.3,0.038,43.0,133.0,0.99924,3.26,0.41,8.8
red,9.5,0.56,0.33,2.4,0.089,35.0,67.0,0.9972,3.28,0.73,11.8
white,7.1,0.39,0.79,1.4,0.194,23.0,90.0,0.99212,3.17,0.46,10.5
red,6.6,0.84,0.03,2.3,0.059,32.0,48.0,0.9952,3.52,0.56,12.3
white,7.9,0.28,0.41,4.9,0.058,31.0,153.0,0.9966,3.27,0.51,9.7
white,6.2,0.28,0.43,13.0,0.039,64.0,233.0,0.99745,3.08,0.38,8.9
white,6.7,0.66,0.0,13.0,0.033,32.0,75.0,0.99551,3.15,0.5,10.7
white,6.6,0.18,0.26,17.3,0.051,17.0,149.0,0.9984,3.0,0.43,9.4
white,6.5,0.22,0.5,16.4,0.048,36.0,182.0,0.99904,3.02,0.49,8.8
white,8.0,0.27,0.33,1.2,0.05,41.0,103.0,0.99002,3.0,0.45,12.4
white,8.1,0.28,0.46,15.4,0.059,32.0,177.0,1.0004,3.27,0.58,9.0
white,5.6,0.49,0.13,4.5,0.039,17.0,116.0,0.9907,3.42,0.9,13.7
white,6.3,0.22,0.34,5.0,0.032,36.0,93.0,0.99012,3.27,0.36,13.5
white,7.5,0.34,0.28,4.0,0.028,46.0,100.0,0.98958,3.2,0.5,13.2
white,6.6,0.33,0.41,2.0,0.027,14.0,79.0,0.99063,3.27,0.63,12.4
white,6.9,0.22,0.32,5.8,0.041,20.0,119.0,0.99296,3.17,0.55,11.2
white,6.8,0.3,0.29,6.2,0.025,29.0,95.0,0.99071,3.03,0.32,12.9
white,7.1,0.25,0.39,2.1,0.036,30.0,124.0,0.9908,3.28,0.43,12.2
white,6.6,0.26,0.21,2.9,0.026,48.0,126.0,0.99089,3.22,0.38,11.3
white,8.1,0.24,0.33,10.2,0.048,46.0,141.0,0.9972,3.16,0.48,10.3
white,7.1,0.47,0.24,6.0,0.044,11.0,77.0,0.9956,3.21,0.56,9.7
white,6.8,0.18,0.3,12.8,0.062,19.0,171.0,0.99808,3.0,0.52,9.0
white,6.6,0.23,0.26,1.3,0.045,16.0,128.0,0.9934,3.36,0.6,10.0
white,6.0,0.34,0.66,15.9,0.046,26.0,164.0,0.9979,3.14,0.5,8.8
white,6.5,0.15,0.44,12.6,0.052,65.0,158.0,0.99688,3.26,0.7,10.3
white,5.8,0.3,0.27,1.7,0.014,45.0,104.0,0.98914,3.4,0.56,12.6
red,11.6,0.58,0.66,2.2,0.074,10.0,47.0,1.0008,3.25,0.57,9.0
white,6.8,0.27,0.26,16.1,0.049,55.0,196.0,0.9984,3.15,0.5,9.3
white,8.0,0.22,0.32,10.4,0.043,63.0,201.0,0.997,3.11,0.53,9.5
white,6.5,0.46,0.24,11.5,0.051,56.0,171.0,0.99588,3.08,0.56,9.8
white,8.1,0.27,0.33,1.3,0.045,26.0,100.0,0.99066,2.98,0.44,12.4
white,8.0,0.28,0.42,7.1,0.045,41.0,169.0,0.9959,3.17,0.43,10.6
white,7.5,0.24,0.31,13.1,0.05,26.0,180.0,0.99884,3.05,0.53,9.1
white,6.5,0.28,0.28,8.5,0.047,54.0,210.0,0.9962,3.09,0.54,8.9
white,5.8,0.18,0.37,1.1,0.036,31.0,96.0,0.98942,3.16,0.48,12.0
white,7.6,0.17,0.45,11.2,0.054,56.0,137.0,0.997,3.15,0.47,10.0
white,5.7,0.26,0.3,1.8,0.039,30.0,105.0,0.98995,3.48,0.52,12.5
white,6.4,0.24,0.25,20.2,0.083,35.0,157.0,0.99976,3.17,0.5,9.1
red,8.9,0.84,0.34,1.4,0.05,4.0,10.0,0.99554,3.12,0.48,9.1
red,7.2,0.36,0.46,2.1,0.074,24.0,44.0,0.99534,3.4,0.85,11.0
white,8.6,0.37,0.7,12.15,0.039,21.0,158.0,0.9983,3.0,0.73,9.3
white,6.4,0.29,0.21,9.65,0.041,36.0,119.0,0.99334,2.99,0.34,10.93333333
white,7.2,0.08,0.49,1.3,0.05,18.0,148.0,0.9945,3.46,0.44,10.2
white,6.3,0.29,0.4,6.5,0.039,43.0,167.0,0.9953,3.15,0.44,9.3
white,5.6,0.245,0.25,9.7,0.032,12.0,68.0,0.994,3.31,0.34,10.5
white,8.1,0.28,0.49,1.0,0.04,32.0,148.0,0.9936,3.13,0.41,10.0
white,6.5,0.26,0.32,6.65,0.059,34.0,104.0,0.99254,3.18,0.42,11.1
white,8.1,0.29,0.49,7.1,0.042,22.0,124.0,0.9944,3.14,0.41,10.8
white,6.7,0.34,0.31,16.4,0.051,20.0,146.0,0.99834,3.06,0.54,9.1
white,7.0,0.2,0.34,5.7,0.035,32.0,83.0,0.9928,3.19,0.46,11.5
white,6.9,0.19,0.28,5.0,0.058,14.0,146.0,0.9952,3.29,0.36,9.1
white,6.0,0.16,0.3,6.7,0.043,43.0,153.0,0.9951,3.63,0.46,10.6
white,7.5,0.24,0.31,13.1,0.05,26.0,180.0,0.99884,3.05,0.53,9.1
white,7.8,0.3,0.36,4.6,0.024,20.0,198.0,0.99222,3.06,0.66,11.9
white,7.2,0.23,0.32,8.5,0.058,47.0,186.0,0.9956,3.19,0.4,9.9
red,8.4,0.52,0.22,2.7,0.084,4.0,18.0,0.99682,3.26,0.57,9.9
white,6.6,0.34,0.24,3.3,0.034,29.0,99.0,0.99031,3.1,0.4,12.3
white,6.0,0.17,0.33,6.0,0.036,30.0,111.0,0.99362,3.32,0.58,10.13333333
white,7.2,0.4,0.62,10.8,0.041,70.0,189.0,0.9976,3.08,0.49,8.6
red,9.8,0.88,0.25,2.5,0.104,35.0,155.0,1.001,3.41,0.67,11.2
white,6.8,0.18,0.3,12.8,0.062,19.0,171.0,0.99808,3.0,0.52,9.0
red,8.3,0.625,0.2,1.5,0.08,27.0,119.0,0.9972,3.16,1.12,9.1
red,7.2,0.37,0.32,2.0,0.062,15.0,28.0,0.9947,3.23,0.73,11.3
red,9.6,0.77,0.12,2.9,0.082,30.0,74.0,0.99865,3.3,0.64,10.4
white,6.7,0.31,0.09,1.4,0.039,53.0,141.0,0.99206,3.12,0.44,10.1
white,5.6,0.32,0.33,7.4,0.037,25.0,95.0,0.99268,3.25,0.49,11.1
white,6.9,0.24,0.23,7.1,0.041,20.0,97.0,0.99246,3.1,0.85,11.4
white,6.1,0.16,0.27,12.6,0.064,63.0,162.0,0.9994,3.66,0.43,8.9
white,6.7,0.41,0.01,2.8,0.048,39.0,137.0,0.9942,3.24,0.35,9.5
white,5.2,0.44,0.04,1.4,0.036,43.0,119.0,0.9894,3.36,0.33,12.1
white,6.7,0.31,0.31,9.9,0.04,10.0,175.0,0.9953,3.46,0.55,11.4
white,6.4,0.33,0.24,1.6,0.054,25.0,117.0,0.9943,3.36,0.5,9.3
red,8.9,0.875,0.13,3.45,0.088,4.0,14.0,0.9994,3.44,0.52,11.5
white,5.9,0.65,0.23,5.0,0.035,20.0,128.0,0.99016,3.46,0.48,12.8
white,6.6,0.21,0.29,1.8,0.026,35.0,128.0,0.99183,3.37,0.48,11.2
red,7.5,0.55,0.24,2.0,0.078,10.0,28.0,0.9983,3.45,0.78,9.5
red,7.2,0.54,0.27,2.6,0.084,12.0,78.0,0.9964,3.39,0.71,11.0
white,6.7,0.13,0.32,3.7,0.017,32.0,99.0,0.99348,3.12,0.44,10.0
red,7.8,0.6,0.14,2.4,0.086,3.0,15.0,0.9975,3.42,0.6,10.8
red,7.4,0.61,0.01,2.0,0.074,13.0,38.0,0.99748,3.48,0.65,9.8
white,7.3,0.23,0.34,9.3,0.052,19.0,86.0,0.99574,3.04,0.56,10.0
white,7.3,0.28,0.54,12.9,0.049,62.0,162.5,0.9984,3.06,0.45,9.1
white,8.2,0.21,0.48,1.4,0.041,11.0,99.0,0.9958,3.17,0.57,9.9
white,7.1,0.34,0.2,6.1,0.063,47.0,164.0,0.9946,3.17,0.42,10.0
white,7.5,0.42,0.45,9.1,0.029,20.0,125.0,0.996,3.12,0.36,10.1
white,6.4,0.24,0.32,14.9,0.047,54.0,162.0,0.9968,3.28,0.5,10.2
white,7.8,0.25,0.34,13.7,0.044,66.0,184.0,0.99976,3.22,0.75,8.9
red,8.0,0.59,0.16,1.8,0.065,3.0,16.0,0.9962,3.42,0.92,10.5
white,6.3,0.495,0.22,1.8,0.046,31.0,140.0,0.9929,3.39,0.54,10.4
red,10.0,0.58,0.22,1.9,0.08,9.0,32.0,0.9974,3.13,0.55,9.5
red,9.0,0.6,0.29,2.0,0.069,32.0,73.0,0.99654,3.34,0.57,10.0
white,8.6,0.27,0.46,6.1,0.032,13.0,41.0,0.993,2.89,0.34,10.9
